company_name,booth,website,city,country,exhibitor_type
Aircover,411,https://www.aircover.ai/,San Francisco,United States,Silver
Attention,216,https://www.attention.com/,New York,United States,Platinum
Braintrust,113,https://www.braintrustgrowth.com/,Mason,United States,Silver
Centralize,112,https://www.usecentralize.com/,San Francisco,United States,Silver
Databook,218,https://databook.com/,Palo Alto,United States,Platinum
Hyperbound,114,https://www.hyperbound.ai/?utm_source=Gartner+CSO+2026&utm_medium=website&utm_campaign=20260519_gartner-cso&utm_content=logo,San Francisco,United States,Silver
Janek Performance Group,416,https://www.janek.com/,Henderson,United States,Silver
Seismic,409,https://www.seismic.com/,San Diego,United States,Platinum
Arist,417,https://www.arist.com/,San Francisco,United States,Silver
"Equilar, Inc.",415,https://www.execatlas.com/,Redwood City,United States,Silver
"Oracle, Inc.",209,https://www.oracle.com/cx/sales/sales-force-automation/,"Austin, TX",United States,Platinum
UneeQ,208,https://www.digitalhumans.com/,Austin,United States,Platinum
Xactly Corporation,511,http://www.xactlycorp.com/,Los Gatos,United States,Silver
Aurasell,100,https://www.aurasell.ai/,San Mateo,United States,Silver
Brightspot Incentives & Events,102,https://brightspotincentivesevents.com/,Irving,United States,Silver
Nooks,420,https://www.nooks.ai/,San Francisco,United States,Silver
Unboxed Training & Technology,512,https://unboxedtechnology.com/,Richmond,United States,Silver
Map My Customers,510,https://mapmycustomers.com/,Cary,United States,Silver
Actively AI,101,https://www.actively.ai/,New York,United States,Silver
Second Nature AI,513,https://secondnature.ai/,Covina,United States,Silver
Clay,221,https://www.clay.com/,,United States,Silver
Moody's,"318, 320, 322",https://moodys.com/sales-and-marketing,New York,United States,Silver
Propensity,507,https://www.propensity.com/,Exeter,United States,Silver
Myko AI,509,https://www.myko.ai/,Miami,United States,Silver
CadreIQ,501,https://www.cadreiq.com/,Chicago,United States,Silver
6sense,105,https://www.6sense.com/,San Francisco,United States,Silver
Anaplan,316,https://www.anaplan.com/solutions/sales-performance-management/,Miami,United States,Platinum
BI WORLDWIDE,319,https://www.biworldwide.com/,Minneapolis,United States,Platinum
Clozd,408,http://www.clozd.com/,Lehi,United States,Platinum
Consensus,219,https://goconsensus.com/,Atlanta,United States,Silver
Corporate Visions,301,https://corporatevisions.com/,Mesa,United States,Premier
Creatio,223,https://www.creatio.com/,Boston,United States,Silver
Highspot,410,https://www.highspot.com/why-choose-highspot/,Seattle,United States,Platinum
Richardson,403,https://www.richardson.com/,Philadelphia,United States,Platinum
Showpad Inc.,422,https://showpad.com/,Chicago,United States,Silver
Varicent,210,https://www.varicent.com/,Boston,United States,Platinum
Vivun,308,https://www.vivun.com/?utm_medium=gartner&utm_source=partner&utm_campaign=cso-2026,Dover,United States,Premier
Allego,123,https://www.allego.com/,Waltham,United States,Silver
LinkedIn,202,https://business.linkedin.com/sales-solutions,Sunnyvale,United States,Platinum
Microsoft,200,https://www.microsoft.com/en-us/dynamics-365/products/sales,Redmond,United States,Platinum
Backstory,121,https://www.backstory.ai/people-ai-is-now-backstory,San Francisco,United States,Silver
SAP,400,https://www.sap.com/index.html,Newtown Square,United States,Platinum
Zoominfo,"117, 119",https://zoominfo.com/,Vancouver,United States,Silver
Vyond,110,https://www.vyond.com/solutions/,San Mateo,United States,Silver
HG Insights,104,https://hginsights.com/,Santa Barbara,United States,Silver
TTEC,504,https://www.ttec.com/,Austin,United States,Silver
Akeron,111,https://www.akeron.com/vulki/en/sales-performance-management/,Lucca,Italy,Silver
ServiceNow,309,https://www.servicenow.com/solutions/crm.html,Santa Clara,United States,Premier
LeanData,508,https://www.leandata.com/,Santa Clara,United States,Silver
Canva,103,https://www.canva.com/enterprise,Austin,United States,Silver
Adobe,413,https://www.adobe.com/acrobat.html,san jose,United Kingdom,Silver
Spekit,500,https://www.spekit.com/,Denver,United States,Silver
Deloitte,321,https://www.deloitte.com/us/en.html,New York,United States,Silver
Zoho Corporation,220,https://www.zoho.com/,Pleasanton,United States,Silver
SiftHub,418,https://www.sifthub.io/,Wilmington,United States,Silver
Clari/Salesloft,317,http://www.salesloft.com/,,United States,Platinum
"Mindtickle, Inc.",217,https://www.mindtickle.com/,San Francisco,United States,Platinum
AuctusIQ,201,https://auctusiq.com/,Lincoln,United States,Premier
Ambition,109,https://ambition.com/,Chattanooga,United States,Silver
Outreach,211,https://www.outreach.io/,Seattle,United States,Platinum
Salesforce,300,https://www.salesforce.com/sales/,San Francisco,United States,Premier
HockeyStack,503,https://www.hockeystack.com/,San Francisco,United States,Silver
Pigment,402,https://www.pigment.com/,New York,United States,Platinum
1mind,108,https://www.1mind.com/,San Francisco,United States,Silver
Gong,401,https://www.gong.io/,San Francisco,United States,Platinum
