company_name,linkedin_url,post_date,post_text,post_link,posted_by,status
1mind,https://www.linkedin.com/company/1mindai/,,No posts found,,,No posts found
6sense,https://www.linkedin.com/company/6sense/,17-May-26,"Heading to the Gartner CSO 6sense's Post - LinkedIn 17 May 2026 · Heading to the Gartner CSO & Sales Leader Conference this week? So are we If you'll be there, come meet the 6sense team at Booth 105.","=HYPERLINK(""https://www.linkedin.com/feed/update/urn:li:activity:7461898383641980928/"",""Open Post"")",Company Page,Post Found
6sense,https://www.linkedin.com/company/6sense/,20-May-26,"#gartnercso #6sense #revenueai #gtm | 6sense - LinkedIn Stop by to connect with the team, talk modern GTM strategy, and see how leading revenue teams are driving more predictable pipeline and revenue with 6sense.","=HYPERLINK(""https://www.linkedin.com/feed/update/urn:li:activity:7462567433699241986/"",""Open Post"")",Company Page,Post Found
6sense,https://www.linkedin.com/company/6sense/,20-May-26,"#gartnercso #6sense | Shannon Aviza - LinkedIn The 6sense team is on-site at Gartner CSO & Sales Leader Conference! Stop by Booth #105 to connect with the team, talk modern GTM strategy, and see how leading revenue teams are driving more...","=HYPERLINK(""https://www.linkedin.com/feed/update/urn:li:activity:7462854172451807233/"",""Open Post"")",Employee (Shannonaviza),Post Found
6sense,https://www.linkedin.com/company/6sense/,22-May-26,"@6sense heading to Gartner CSO & Sales Leader ... - LinkedIn @6sense heading to Gartner CSO & Sales Leader Conference this week 👋 There’s a lot changing in B2B right now — AI, buying groups, signal-based selling, tighter alignment across revenue ...","=HYPERLINK(""https://www.linkedin.com/feed/update/urn:li:activity:7462258242321260544/"",""Open Post"")",Employee (Josephdanielryan),Post Found
Actively AI,https://www.linkedin.com/company/actively-ai/,20-May-26,"#gartnersales | Actively AI - LinkedIn Going ""all in"" on AI transformation at the Gartner CSO Conference in Vegas? You need to stop by booth 101 and say hi to these high rollers! 🎲 We're fired up after Dan Gottlieb 's keynote...","=HYPERLINK(""https://www.linkedin.com/feed/update/urn:li:activity:7462590876226273280/"",""Open Post"")",Company Page,Post Found
Actively AI,https://www.linkedin.com/company/actively-ai/,6-May-26,"You're still trying to ""get Gartner CSO & Sales Leader Conference 2026 in Las Vegas, NV 6 May 2026 · You're still trying to ""get in front of the buyer."" Meanwhile… the buyer is actively avoiding you. That's the ""million-dollar blind spot!","=HYPERLINK(""https://www.linkedin.com/feed/update/urn:li:activity:7457828778199908353/"",""Open Post"")",Employee (Rexgalbraith),Post Found
Adobe,https://www.linkedin.com/company/adobe/,,No posts found,,,No posts found
Aircover,https://www.linkedin.com/company/aircover-ai/,19-May-26,We’re at the Gartner CSO & Sales Leader #gartnercso #salesleadership #salesenablement | Aircover.ai We’re at the Gartner CSO & Sales Leader Conference next week in Vegas (May 19-20).,"=HYPERLINK(""https://www.linkedin.com/feed/update/urn:li:activity:7461143039613341696/"",""Open Post"")",Company Page,Post Found
Aircover,https://www.linkedin.com/company/aircover-ai/,22-May-26,Great week at the Gartner CSO Conference #gartnercso2026 | David Levy | 12 comments - LinkedIn Great week at the Gartner CSO Conference with the Aircover.ai team. Highlights from the week: • Having advisor Robert Ruelas join us and reconnecting with other former VMware friends Allison ...,"=HYPERLINK(""https://www.linkedin.com/feed/update/urn:li:activity:7463626320170635264/"",""Open Post"")",Great week at the Gartner CSO Conference #gartnercso2026,Post Found
Akeron,https://www.linkedin.com/company/akeron-corporate/,7-May-26,We're excited to be part of Akeron's Post - LinkedIn 7 May 2026 · We're excited to be part of the 2026 2026 Gartner CSO & Sales Leader Conference in Las Vegas on May 19–20! This prestigious event brings ...,"=HYPERLINK(""https://www.linkedin.com/feed/update/urn:li:activity:7458138600258371584/"",""Open Post"")",Company Page,Post Found
Allego,https://www.linkedin.com/company/allego/,11-May-26,We are about one week away Melissa Hilbert's Post - LinkedIn 11 May 2026 · We are about one week away from the start of Gartner's Chief Sales Officer and Sales Leader Conference in Vegas! ... Team Allego is excited to be ...,"=HYPERLINK(""https://www.linkedin.com/feed/update/urn:li:activity:7459632486898110466/"",""Open Post"")",We are about one week away Melissa Hilbert,Post Found
Allego,https://www.linkedin.com/company/allego/,20-May-26,#gartnersales #gartnercso #salesleadership #revenuegrowth # ... We're excited for the Gartner CSO & Sales Leader Conference next week! We’re looking forward to joining sales and revenue leaders for a few days of great conversations around enablement ...,"=HYPERLINK(""https://www.linkedin.com/feed/update/urn:li:activity:7461117032592310272/"",""Open Post"")",Company Page,Post Found
Allego,https://www.linkedin.com/company/allego/,20-May-26,6 days ago · Sales complexity keeps risi Allego - salesenablement #gartnercso #salescomplexity 6 days ago · Sales complexity keeps rising—and it's making it harder for sellers to stay focused on what really drives impact. At the Gartner CSO & Sales ...,"=HYPERLINK(""https://www.linkedin.com/feed/update/urn:li:activity:7462540195809107968/"",""Open Post"")",Company Page,Post Found
Allego,https://www.linkedin.com/company/allego/,20-May-26,Come say hello to the Allego team if you are at the Gartner ... Come say hello to the Allego team if you are at the Gartner CSO event.,"=HYPERLINK(""https://www.linkedin.com/feed/update/urn:li:activity:7461430592547663872/"",""Open Post"")",Employee (Mmagnacca),Post Found
Ambition,https://www.linkedin.com/company/ambition-llc/,10-May-26,"Ambition Roundup: Agentic Ambition, T-Mobile, Gartner CSO ... Check out all the latest here 👇 Ambition Roundup: Agentic Ambition, T-Mobile, Gartner CSO, and more Ambition on LinkedIn 5 8,326 followers View Profile","=HYPERLINK(""https://www.linkedin.com/feed/update/urn:li:activity:7458519844049715200/"",""Open Post"")",Company Page,Post Found
Ambition,https://www.linkedin.com/company/ambition-llc/,10-May-26,Headed to Gartner next month? Let me know & let's grab coffee! We're going to Gartner CSO & Sales Leader Conference 2026! The Ambition team is counting down the days until we're boots-on-the-ground in Las Vegas with some of the industry's most noteworthy voices and thoughtleaders.,"=HYPERLINK(""https://www.linkedin.com/feed/update/urn:li:activity:7452725610700906496/"",""Open Post"")",Employee (Jaredshoughton),Post Found
Ambition,https://www.linkedin.com/company/ambition-llc/,20-May-26,"6 days ago · The Dream Team is in the bu #gartnersales #gartnercso #gartner #csoconference #lasvegas | Ambition 6 days ago · The Dream Team is in the building! If you're at Gartner CSO & Sales Leader Conference, make sure a visit to Booth 109 is on your agenda.","=HYPERLINK(""https://www.linkedin.com/feed/update/urn:li:activity:7462558617355972608/"",""Open Post"")",Company Page,Post Found
Ambition,https://www.linkedin.com/company/ambition-llc/,20-May-26,"Excited to head to Las Vegas next week with the ... - LinkedIn Excited to head to Las Vegas next week with the Ambition team for the Gartner CSO Conference! If you're attending, stop by Booth #109 or drop me a message - would love to connect!","=HYPERLINK(""https://www.linkedin.com/feed/update/urn:li:activity:7461501822365675520/"",""Open Post"")",Excited to head to Las Vegas next week with the ...,Post Found
Ambition,https://www.linkedin.com/company/ambition-llc/,20-May-26,Friday Encouragement / Gartner CSO Appre Friday Encouragement / Gartner CSO Appreciation Post Gartner CSO 2026 ... Friday Encouragement / Gartner CSO Appreciation Post Gartner CSO 2026 might’ve been the best conference I’ve been to in my Ambition tenure. Dan Gottlieb kicked the event off discussing core ...,"=HYPERLINK(""https://www.linkedin.com/feed/update/urn:li:activity:7463585800144883712/"",""Open Post"")",Employee (Mark Mcwatters),Post Found
Ambition,https://www.linkedin.com/company/ambition-llc/,21-Apr-26,We're going to Gartner CSO Ambition's Post - LinkedIn 21 Apr 2026 · We're going to Gartner CSO & Sales Leader Conference 2026! The Ambition team is counting down the days until we're boots-on-the-ground in ...,"=HYPERLINK(""https://www.linkedin.com/feed/update/urn:li:activity:7452369911193952257/"",""Open Post"")",Company Page,Post Found
Ambition,https://www.linkedin.com/company/ambition-llc/,21-May-26,"5 days ago · The platform, the people, t #gartnersales #gartnercso #salesleaders #salesconference 5 days ago · The platform, the people, the HATS! Ambition was a big player at Gartner this week! Such big things coming!!! Like.","=HYPERLINK(""https://www.linkedin.com/feed/update/urn:li:activity:7462870637712416768/"",""Open Post"")",Company Page,Post Found
Ambition,https://www.linkedin.com/company/ambition-llc/,22-May-26,#gartnersales #gartnercso #salesleaders # ... - LinkedIn Did you catch Jared Houghton's roundtable session with Seth Marrs at Gartner CSO this week?,"=HYPERLINK(""https://www.linkedin.com/feed/update/urn:li:activity:7463258831519682560/"",""Open Post"")",Company Page,Post Found
Ambition,https://www.linkedin.com/company/ambition-llc/,22-May-26,"Excited to attend Gartner CSO, anyone else in my network ... Come find us on the floor (Booth #109), or reach out ahead of time to set up a connect. And a big hat tip to our all-star lineup: Jared Houghton, Brian Trautschold, Mark McWatters, Nora...","=HYPERLINK(""https://www.linkedin.com/feed/update/urn:li:activity:7457443016979546112/"",""Open Post"")",Employee (Kaipasso),Post Found
Ambition,https://www.linkedin.com/company/ambition-llc/,4-May-26,"ICYMI, we're heading to the Ambition's Post - LinkedIn 4 May 2026 · ICYMI, we're heading to the Gartner CSO & Sales Leader Conference this month, and we couldn't be more excited to spend a few days connecting ...","=HYPERLINK(""https://www.linkedin.com/feed/update/urn:li:activity:7457134358399860736/"",""Open Post"")",Company Page,Post Found
Anaplan,https://www.linkedin.com/company/658814/,10-May-26,Heading to the Gartner CSO & Sales Leade Meet with Anaplan at Gartner CSO & Sales Leader ... - LinkedIn Heading to the Gartner CSO & Sales Leader Conference in Las Vegas? 🎰 Stop by booth #316 to discover how Anaplan is revolutionizing revenue performance management.,"=HYPERLINK(""https://www.linkedin.com/feed/update/urn:li:activity:7459981765693263872/"",""Open Post"")",Employee (Lindsayfries),Post Found
Arist,https://www.linkedin.com/company/aristlearning/,,No posts found,,,No posts found
Attention,https://www.linkedin.com/company/attentiontech/,19-May-26,"7 days ago · For reps, Attention doesn't We're on the floor at the Gartner CSO & Sales Leader Conference this ... 7 days ago · For reps, Attention doesn't just surface the next best action, we execute it at the right time: updating your CRM, flagging deal risk, and ...","=HYPERLINK(""https://www.linkedin.com/feed/update/urn:li:activity:7462181771044884480/"",""Open Post"")",Company Page,Post Found
Attention,https://www.linkedin.com/company/attentiontech/,22-May-26,We’re live at Gartner’s CSO conference this week. The ... The Attention team will be on the floor at Booth 216 both days. Our very own Jacob Fleisher is taking the stage to speak about solving the AI adoption gap in sales teams on Wednesday.,"=HYPERLINK(""https://www.linkedin.com/feed/update/urn:li:activity:7462569229339430912/"",""Open Post"")",Company Page,Post Found
AuctusIQ,https://www.linkedin.com/company/auctusiq/,10-May-26,"AuctusIQ: From Draft Day to Game Day: Building a Sales Team ... If you’re heading to Gartner CSO & Sales Leader Conference next month, here is something worth your time.","=HYPERLINK(""https://www.linkedin.com/feed/update/urn:li:activity:7455576202746171414/"",""Open Post"")",Employee (Tyler Morrison 7438429),Post Found
AuctusIQ,https://www.linkedin.com/company/auctusiq/,20-May-26,"AuctusIQ: From Draft Day to Game Day: Bu AuctusIQ: From Draft Day to Game Day: Building a Sales Team ... AuctusIQ: From Draft Day to Game Day: Building a Sales Team that Wins at Gartner CSO & Sales Leader Conference gartner.com To view or add a comment, 1,996 followers","=HYPERLINK(""https://www.linkedin.com/feed/update/urn:li:activity:7462609201559658496/"",""Open Post"")",Company Page,Post Found
Aurasell,https://www.linkedin.com/company/aurasell/,20-May-26,"Today's the last day to stop by our boot Today's the last day to stop by our booth at Gartner CSO ... Today's the last day to stop by our booth at Gartner CSO & Sales Leader Conference in Vegas! 📍 Booth #100 If you’re building, scaling, or rethinking your GTM motion in the age of AI, come...","=HYPERLINK(""https://www.linkedin.com/feed/update/urn:li:activity:7462877525829021696/"",""Open Post"")",Company Page,Post Found
Backstory,https://www.linkedin.com/company/backstory-ai/,20-May-26,Wrapped up a great few days at the Gartn #gartnercso #backstory #revops | Backstory - LinkedIn Wrapped up a great few days at the Gartner CSO & Sales Leadership Conference in Las Vegas. The conversations kept coming back to the same thing: revenue teams have plenty of data. What they don't ...,"=HYPERLINK(""https://www.linkedin.com/feed/update/urn:li:activity:7463680053625909249/"",""Open Post"")",Company Page,Post Found
BI WORLDWIDE,https://www.linkedin.com/company/218999/,21-May-26,5 days ago · Are you at the Gartner CSO BI WORLDWIDE - gartnersales - LinkedIn 5 days ago · Are you at the Gartner CSO and Sales Leader Conference in Vegas? So are we! Stop by our booth in the expo and say hello!,"=HYPERLINK(""https://www.linkedin.com/feed/update/urn:li:activity:7462877548495142912/"",""Open Post"")",Employee (Biworldwide),Post Found
BI WORLDWIDE,https://www.linkedin.com/company/218999/,22-May-26,"4 days ago · Are you at the Gartner CSO BI WORLDWIDE - gartnersales - LinkedIn 4 days ago · Are you at the Gartner CSO and Sales Leader Conference in Vegas? Join us for our speaking session with Parker Kemp, Sr. Manager of New ...","=HYPERLINK(""https://www.linkedin.com/feed/update/urn:li:activity:7463195138224435200/"",""Open Post"")",Employee (Biworldwide),Post Found
Braintrust,https://www.linkedin.com/company/braintrust-data/,13-May-26,"We are heading to Vegas! G #gartnercso #gartnercso2026 | Braintrust - LinkedIn 13 May 2026 · We are heading to Vegas! Gartner CSO is just around the corner. This year, Jeff Bloomfield and Dan Docherty, PhD will BOTH be taking the ...","=HYPERLINK(""https://www.linkedin.com/feed/update/urn:li:activity:7460332725426786304/"",""Open Post"")",We are heading to Vegas! G #gartnercso #gartnercso2026,Post Found
Brightspot Incentives & Events,https://www.linkedin.com/company/brightspot-incentives-events/,1-May-26,"See you at Gartner's CSO & Michael Butler, CITP, CIS' Post - cso #gartnersales - LinkedIn 1 May 2026 · See you at Gartner's CSO & Sales Leader Conference May 19-20! Expect ... #GartnerSales & Brightspot Incentives & Events. graphical user ...","=HYPERLINK(""https://www.linkedin.com/feed/update/urn:li:activity:7456085953447768065/"",""Open Post"")",Employee (Butlerdidit),Post Found
Brightspot Incentives & Events,https://www.linkedin.com/company/brightspot-incentives-events/,10-May-26,Brightspot is headed to Gartner CSO & Sa #seespotshine #gartnersales | Rachel Baum - LinkedIn Brightspot is headed to Gartner CSO & Sales Leader Conference in Las Vegas this month!,"=HYPERLINK(""https://www.linkedin.com/feed/update/urn:li:activity:7455959021322256384/"",""Open Post"")",Employee (Rachel Baum),Post Found
Brightspot Incentives & Events,https://www.linkedin.com/company/brightspot-incentives-events/,10-May-26,"#gartnersales | Stan Hershenow, CIS, CITP - LinkedIn Brightspot will be well represented at the Gartner CSO & Sales Leader Conference.","=HYPERLINK(""https://www.linkedin.com/feed/update/urn:li:activity:7456027944810029056/"",""Open Post"")",Employee (Stanhershenow),Post Found
Brightspot Incentives & Events,https://www.linkedin.com/company/brightspot-incentives-events/,20-May-26,"If you're attending, be sure to stop by The Gartner CSO & Sales Leader Conference has ... - LinkedIn If you're attending, be sure to stop by Table #102 to meet the Brightspot team and learn how we help companies elevate their incentive programs and events to create lasting impact!","=HYPERLINK(""https://www.linkedin.com/feed/update/urn:li:activity:7462570295049043969/"",""Open Post"")",Company Page,Post Found
Brightspot Incentives & Events,https://www.linkedin.com/company/brightspot-incentives-events/,30-Apr-26,We're excited to attend th Brightspot Incentives & Events' Post - LinkedIn 30 Apr 2026 · We're excited to attend the Gartner CSO & Sales Leader Conference! Our message this year is: Great incentives don't just motivate.,"=HYPERLINK(""https://www.linkedin.com/feed/update/urn:li:activity:7455677395581452288/"",""Open Post"")",Company Page,Post Found
CadreIQ,https://www.linkedin.com/company/cadreiq/,14-Apr-26,CadreIQ is sponsoring the Zachary Karpf posted this - LinkedIn 14 Apr 2026 · CadreIQ is sponsoring the Gartner® CSO & Sales Leader Conference ... Gartner CSO at booth #507 to see how we automate the entire process.,"=HYPERLINK(""https://www.linkedin.com/feed/update/urn:li:activity:7449832755833495552/"",""Open Post"")",CadreIQ is sponsoring the Zachary Karpf posted this,Post Found
CadreIQ,https://www.linkedin.com/company/cadreiq/,19-May-26,#gartnersales | CadreIQ - LinkedIn CadreIQ is sponsoring the Gartner® CSO & Sales Leader Conference in Las Vegas - May 19-20.,"=HYPERLINK(""https://www.linkedin.com/feed/update/urn:li:activity:7457451195046182912/"",""Open Post"")",Company Page,Post Found
CadreIQ,https://www.linkedin.com/company/cadreiq/,19-May-26,#gartnersales | James Dockery - LinkedIn CadreIQ is sponsoring the Gartner® CSO & Sales Leader Conference in Las Vegas - May 19-20.,"=HYPERLINK(""https://www.linkedin.com/feed/update/urn:li:activity:7457458424893702144/"",""Open Post"")",Employee (James Dockery 15942117A),Post Found
CadreIQ,https://www.linkedin.com/company/cadreiq/,19-May-26,CadreIQ Framework for Sales Play Execution - LinkedIn CadreIQ is sponsoring the Gartner® CSO & Sales Leader Conference in Las Vegas - May 19-20.,"=HYPERLINK(""https://www.linkedin.com/feed/update/urn:li:activity:7458173401187246080/"",""Open Post"")",CadreIQ Framework for Sales Play Execution,Post Found
CadreIQ,https://www.linkedin.com/company/cadreiq/,20-Apr-26,"Sales Enablement Leaders: AI Strategy & Revenue Excellence | LinkedIn Gartner CSO & Sales Leader Conference 2026 in Las Vegas, NV gartner.com.CadreIQ.com resolves the strategy/execution uncertainty without the managerial efficiency. Same budget. More sellers.","=HYPERLINK(""https://www.linkedin.com/feed/update/urn:li:activity:7443335493016051712/"",""Open Post"")",Sales Enablement Leaders: AI Strategy & Revenue Excellence,Post Found
CadreIQ,https://www.linkedin.com/company/cadreiq/,20-May-26,Revenue Execution Governance at Gartner CSO & Sales ... This just went live in CEO World Biz ahead of the Gartner® CSO & Sales Leader Conference next week.,"=HYPERLINK(""https://www.linkedin.com/feed/update/urn:li:activity:7460694963635482624/"",""Open Post"")",Employee (James Dockery 15942117A),Post Found
Canva,https://www.linkedin.com/company/canva/,,No posts found,,,No posts found
Centralize,https://www.linkedin.com/company/use-centralize/,,No posts found,,,No posts found
Clari/Salesloft,https://www.linkedin.com/company/salesloft/,20-May-26,Are you attending the Gartner CSO & Sales Leader ... Are you attending the Gartner CSO & Sales Leader Conference today? Come meet the Clari + Salesloft team at booth 317! And don’t miss the “Stop Managing Revenue Backward And Start Engineering ...,"=HYPERLINK(""https://www.linkedin.com/feed/update/urn:li:activity:7462955175079464960/"",""Open Post"")",Employee (Christinesalsberg),Post Found
Clari/Salesloft,https://www.linkedin.com/company/salesloft/,20-May-26,"Heading to the Gartner CSO & Sales Leader Conference? Pop by ... Heading to the Gartner CSO & Sales Leader Conference? Pop by booth 317 to meet the dynamic duo, Clari and Salesloft! Don't miss ""Stop Managing Revenue Backward And Start Engineering Growth."" Our ...","=HYPERLINK(""https://www.linkedin.com/feed/update/urn:li:activity:7462895551739576322/"",""Open Post"")",Employee (Dylangroce),Post Found
Clari/Salesloft,https://www.linkedin.com/company/salesloft/,20-May-26,Are you attending the Gartner CSO & Sales Leader ... Are you attending the Gartner CSO & Sales Leader Conference today? Come meet the Clari + Salesloft team at booth 317!,"=HYPERLINK(""https://www.linkedin.com/feed/update/urn:li:activity:7462894772660363264/"",""Open Post"")",Employee (Jasonpbeck),Post Found
Clari/Salesloft,https://www.linkedin.com/company/salesloft/,20-May-26,Are you attending the Gartner CSO & Sales Leader ... Are you attending the Gartner CSO & Sales Leader Conference today? Come meet the Clari + Salesloft team at booth 317! And don’t miss the “Stop Managing Revenue Backward And Start Engineering ...,"=HYPERLINK(""https://www.linkedin.com/feed/update/urn:li:activity:7463586590708199494/"",""Open Post"")",Employee (Kylieadkins),Post Found
Clari/Salesloft,https://www.linkedin.com/company/salesloft/,20-May-26,Are you attending the Gartner CSO & Sales Leader ... Are you attending the Gartner CSO & Sales Leader Conference today? Come meet the Clari + Salesloft team at booth 317!,"=HYPERLINK(""https://www.linkedin.com/feed/update/urn:li:activity:7462943943605784576/"",""Open Post"")",Employee (Loganstill),Post Found
Clari/Salesloft,https://www.linkedin.com/company/salesloft/,20-May-26,Are you attending the Gartner CSO & Sales Leader ... Are you attending the Gartner CSO & Sales Leader Conference today? Come meet the Clari + Salesloft team at booth 317!,"=HYPERLINK(""https://www.linkedin.com/feed/update/urn:li:activity:7462932775411703808/"",""Open Post"")",Employee (Marygracebonner),Post Found
Clari/Salesloft,https://www.linkedin.com/company/salesloft/,20-May-26,"If you're at Gartner CSO today, come meet the Clari ... If you're at Gartner CSO today, come meet the Clari + Salesloft team at booth 317!","=HYPERLINK(""https://www.linkedin.com/feed/update/urn:li:activity:7462931820721102848/"",""Open Post"")",Employee (Matt Cipolla),Post Found
Clari/Salesloft,https://www.linkedin.com/company/salesloft/,20-May-26,"We just wrapped up a few awesome days at the Gartner CSO ... We just wrapped up a few awesome days at the Gartner CSO & Sales Leader Conference in Vegas. Big thanks to everyone who stopped by the Clari + Salesloft booth, attended our sessions, and joined ...","=HYPERLINK(""https://www.linkedin.com/feed/update/urn:li:activity:7463577743323148290/"",""Open Post"")",Employee (Matt Cipolla),Post Found
Clari/Salesloft,https://www.linkedin.com/company/salesloft/,20-May-26,Are you attending the Gartner CSO & Sales Leader ... Are you attending the Gartner CSO & Sales Leader Conference today? Come meet the Clari + Salesloft team at booth 317!,"=HYPERLINK(""https://www.linkedin.com/feed/update/urn:li:activity:7462943713284141056/"",""Open Post"")",Employee (Michael Merulla),Post Found
Clari/Salesloft,https://www.linkedin.com/company/salesloft/,20-May-26,Are you attending the Gartner CSO & Sale Are you attending the Gartner CSO & Sales Leader ... - LinkedIn Are you attending the Gartner CSO & Sales Leader Conference today? Come meet the Clari + Salesloft team at booth 317! And don’t miss the “Stop Managing Revenue Backward And Start Engineering ...,"=HYPERLINK(""https://www.linkedin.com/feed/update/urn:li:activity:7463713259855167490/"",""Open Post"")",Employee (Miles Marinello 9B9677155),Post Found
Clay,https://www.linkedin.com/company/grow-with-clay/,10-May-26,I'm going to nerd out on all things GTM I'm honored and excited to speak at this year's Gartner CSO ... I'm going to nerd out on all things GTM Engineering and how we work with some of the world's fastest growing companies. Come say hi!,"=HYPERLINK(""https://www.linkedin.com/feed/update/urn:li:activity:7452378675112734722/"",""Open Post"")",Employee (Artripashley),Post Found
Clay,https://www.linkedin.com/company/grow-with-clay/,10-May-26,Ashley Artrip is the best. The single best buying experience I've ever... I'm honored and excited to speak at this year's Gartner CSO and Sales Leader Conference in Vegas! I'm going to nerd out on all things GTM Engineering and how we work with some of the world's fastest growing companies.,"=HYPERLINK(""https://www.linkedin.com/feed/update/urn:li:activity:7452390487740723200/"",""Open Post"")",Employee (Rob Cook Clay),Post Found
Clay,https://www.linkedin.com/company/grow-with-clay/,22-May-26,"That’s a wrap on Gartner’s 2026 CSO and Sales Leaders conference! I’m leaving inspired with fresh ideas and a full heart. Also, proof that sometimes I dress (and act) like a real grown up.","=HYPERLINK(""https://www.linkedin.com/feed/update/urn:li:activity:7463240538079772674/"",""Open Post"")",Employee (Dmckinley1),Post Found
Clozd,https://www.linkedin.com/company/clozd/,22-May-26,"Hey Revenue Leaders! Gartner CSO is THIS WEEK in Las Vegas ... Gartner CSO is THIS WEEK in Las Vegas and I'll be there with the Clozd crew. We're sponsoring, speaking, and giving away a Jack Hughes signed jersey 🏒 Stop by our booth and see you there!","=HYPERLINK(""https://www.linkedin.com/feed/update/urn:li:activity:7462277162193104896/"",""Open Post"")",Employee (Matt Kessler 4076484),Post Found
Consensus,https://www.linkedin.com/company/getconsensus/,20-May-26,"We’re live at the Gartner CSO & Sales Leader Conference ️ If ... We’re live at the Gartner CSO & Sales Leader Conference ️ If you’re in Vegas, stop by Booth 219 and meet the team — including Lindsay Dougherty and Devin Porter — to talk about what ...","=HYPERLINK(""https://www.linkedin.com/feed/update/urn:li:activity:7462560547134230529/"",""Open Post"")",Company Page,Post Found
Consensus,https://www.linkedin.com/company/getconsensus/,7-May-26,"The Global Sales Capability Gartner CSO & Sales Leader Conference Reality Check - LinkedIn 7 May 2026 · The Global Sales Capability Index 2026, the first global benchmark of sales execution quality, linked directly to revenue outcomes. Why now?","=HYPERLINK(""https://www.linkedin.com/feed/update/urn:li:activity:7458214075702042624/"",""Open Post"")",Company Page,Post Found
Consensus,https://www.linkedin.com/company/getconsensus/,7-May-26,Consensus is heading to the Nick Beecroft's Post - LinkedIn 7 May 2026 · Consensus is heading to the Gartner CSO & Sales Leader Conference with a simple thesis: your buyers are already in motion long before they ...,"=HYPERLINK(""https://www.linkedin.com/feed/update/urn:li:activity:7458402859165073409/"",""Open Post"")",Consensus is heading to the Nick Beecroft,Post Found
Corporate Visions,https://www.linkedin.com/company/corporate-visions-inc-/,10-May-26,"Deals don’t get won at milestones. They get won (or lost) in ... That’s the gap Tim Riesterer is tackling at Gartner CSO in Las Vegas in his presentation, “Create Moments, Not Just Milestones: The Missing Link in Your Sales Methodology.”","=HYPERLINK(""https://www.linkedin.com/feed/update/urn:li:activity:7457070312514494464/"",""Open Post"")",Company Page,Post Found
Creatio,https://www.linkedin.com/company/creatio-io/,20-May-26,"#gartnercso #agenticai #salescrm #creatio #gartnersales ... So excited to be heading to Gartner CSO in Las Vegas! If you are attending, come find me at Booth #223.","=HYPERLINK(""https://www.linkedin.com/feed/update/urn:li:activity:7462160183792746497/"",""Open Post"")",Employee (Cedwyn Bachman),Post Found
Creatio,https://www.linkedin.com/company/creatio-io/,20-May-26,"#gartnercso #salesleadership #agenticai #salesai #crm # ... Join Creatio at the Gartner CSO & Sales Leaders Conference in Las Vegas for an insightful session titled ""Breaking Free from Legacy CRM: Building an Agentic Sales Organization"". Andie Dovgan and ...","=HYPERLINK(""https://www.linkedin.com/feed/update/urn:li:activity:7461037737723359232/"",""Open Post"")",Employee (Creatioglobal),Post Found
Creatio,https://www.linkedin.com/company/creatio-io/,20-May-26,#gartnersales #aisales #salescrm #salesagent #creatioaiagents ... Creatio is heading to the Gartner® CSO & Sales Leader Conference in Las Vegas next week! Visit us at Booth #223 to see how autonomous AI agents are transforming modern sales teams.,"=HYPERLINK(""https://www.linkedin.com/feed/update/urn:li:activity:7460348114131070976/"",""Open Post"")",Employee (Creatioglobal),Post Found
Creatio,https://www.linkedin.com/company/creatio-io/,20-May-26,"#gartnercso #salesai #sdr #creatio #gartnersales | Ryan Kelleher Las Vegas, let's go! I will be at Gartner CSO representing the Creatio team at Booth #223. If you are curious about how AI agents are transforming sales workflows, come find me.","=HYPERLINK(""https://www.linkedin.com/feed/update/urn:li:activity:7462132391168475136/"",""Open Post"")",Employee (Ryanpkelleher),Post Found
Creatio,https://www.linkedin.com/company/creatio-io/,22-May-26,"Creatio on the Las Vegas Strip! This wee #gartnersales #aicrm #unlimited #creatiounlimited #lasvegas ... Creatio on the Las Vegas Strip! This week, we’re at the Gartner CSO & Sales Leader Conference 2026, and we’re bringing AI CRM to the Vegas Strip.","=HYPERLINK(""https://www.linkedin.com/feed/update/urn:li:activity:7462554853949632512/"",""Open Post"")",Employee (Creatioglobal),Post Found
Databook,https://www.linkedin.com/company/databook/,22-May-26,4 days ago · What a great week in Vegas #gartnercso | Sarah Close | 12 comments - LinkedIn 4 days ago · What a great week in Vegas at the #GartnerCSO & Sales Leader conference with the team from Databook! From booth time to suite time to ...,"=HYPERLINK(""https://www.linkedin.com/feed/update/urn:li:activity:7463332042056028160/"",""Open Post"")",Employee (Sarahcclose),Post Found
Deloitte,https://www.linkedin.com/company/deloitte/,19-May-26,7 days ago · We're in Las Vegas May 19-2 Abe Awasthi's Post - LinkedIn 7 days ago · We're in Las Vegas May 19-20 for the Gartner Chief Sales Officer & Sales Leader Conference — and it's a milestone for us. It's Deloitte's ...,"=HYPERLINK(""https://www.linkedin.com/feed/update/urn:li:activity:7462200616040177664/"",""Open Post"")",Employee (Contactabe),Post Found
"Equilar, Inc.",https://www.linkedin.com/company/equilar/,20-May-26,"At the Gartner CSO Conference, our CEO M At the Gartner CSO Conference, our CEO Manoj ... - LinkedIn At the Gartner CSO Conference, our CEO Manoj Ramnani joined GTM and revenue leaders for a dinner co-hosted with Equilar's David Chun, and one topic owned the room: AI and the confusion it's ...","=HYPERLINK(""https://www.linkedin.com/feed/update/urn:li:activity:7463594399717912576/"",""Open Post"")",Employee (Salesintel Io),Post Found
Gong,https://www.linkedin.com/company/gong-io/,20-May-26,"HELLO FROM GARTNER CSO We’re live at Booth ... - LinkedIn HELLO FROM GARTNER CSO 👋 We’re live at Booth 401 talking all things revenue AI, pipeline, forecasting, coaching, and how modern GTM teams are driving more predictable growth with Gong. 🏓 ...","=HYPERLINK(""https://www.linkedin.com/feed/update/urn:li:activity:7462567637219377153/"",""Open Post"")",Company Page,Post Found
Gong,https://www.linkedin.com/company/gong-io/,20-May-26,And don’t miss two can’t-miss sessions f SEE YOU IN VEGAS We're heading to the Gartner CSO & Sales ... And don’t miss two can’t-miss sessions from Gong leaders taking the stage: Craig Hanson will share how revenue teams can move beyond disconnected AI tools to orchestrate the entire customer ...,"=HYPERLINK(""https://www.linkedin.com/feed/update/urn:li:activity:7460796086815707136/"",""Open Post"")",Company Page,Post Found
Gong,https://www.linkedin.com/company/gong-io/,20-May-26,Come say hi at Gartner CSO in Vegas next week!! Excited to ... And don’t miss two can’t-miss sessions from Gong leaders taking the stage: Craig Hanson will share how revenue teams can move beyond disconnected AI tools to orchestrate the entire customer ...,"=HYPERLINK(""https://www.linkedin.com/feed/update/urn:li:activity:7460800097312878592/"",""Open Post"")",Employee (Simon Frey),Post Found
Gong,https://www.linkedin.com/company/gong-io/,20-May-26,"Repping Gong at the Gartner CSO conference. What did I learn ... You can get whatever you want out of life if you help enough people get what they want. Oh and if you’re at the Gartner Coference, come see us","=HYPERLINK(""https://www.linkedin.com/feed/update/urn:li:activity:7462642609887432704/"",""Open Post"")",Employee (Stevenpcarroll),Post Found
HG Insights,https://www.linkedin.com/company/hg-insights/,19-May-26,"Your pipeline problem isn’t a rep problem. It’s a visibility ... Meet us in Vegas to find out which accounts are actually worth the next call… The HG Insights team will be at Gartner CSO & Sales Leader Conference in Las Vegas, May 19–20 at Booth 104.","=HYPERLINK(""https://www.linkedin.com/feed/update/urn:li:activity:7461131450604679168/"",""Open Post"")",Company Page,Post Found
HG Insights,https://www.linkedin.com/company/hg-insights/,20-May-26,We’ll be at Gartner CSO & Sales Leader C HG Insights’ Post - LinkedIn We’ll be at Gartner CSO & Sales Leader Conference to discuss how sales leaders can close the gap between account data and seller action.,"=HYPERLINK(""https://www.linkedin.com/feed/update/urn:li:activity:7461415835757092864/"",""Open Post"")",Company Page,Post Found
HG Insights,https://www.linkedin.com/company/hg-insights/,20-May-26,"Did you know that sellers spend up to 70% of their time on ... That’s what our CMO, Scott Gordon, will be talking about at Gartner CSO & Sales Leader Conference, during his session, Less Time Researching, More Time Closing: HG Copilots In Action. 🎤...","=HYPERLINK(""https://www.linkedin.com/feed/update/urn:li:activity:7462503089414103040/"",""Open Post"")",Company Page,Post Found
HG Insights,https://www.linkedin.com/company/hg-insights/,20-May-26,"🏙️ Gartner CSO & Sales Leader Conference ️ Gartner CSO & Sales Leader Conference ... - LinkedIn 🏙️ Gartner CSO & Sales Leader Conference kicks off tomorrow, and we’re looking forward to the conversations that go beyond “how do we get more pipeline?” to “You showed me where ...","=HYPERLINK(""https://www.linkedin.com/feed/update/urn:li:activity:7462140848143519744/"",""Open Post"")",Company Page,Post Found
HG Insights,https://www.linkedin.com/company/hg-insights/,22-May-26,"2026-05-25 That’s a wrap on Gartner CSO & Sales Leader ... - LinkedIn One theme kept coming up: Sales leaders are trying to understand what is actually leading to faster, more predictable pipeline. And that changes the conversation.","=HYPERLINK(""https://www.linkedin.com/feed/update/urn:li:activity:7462986445247549440/"",""Open Post"")",Company Page,Post Found
Highspot,https://www.linkedin.com/company/highspot/,10-May-26,"Gartner CSO Conference: Building Sales Consistency with AI Join us at the Gartner CSO Conference to hear from Arm’s Ben Taft on how they are moving beyond the ""tool-stack"" and building a network of intelligence around their sellers.","=HYPERLINK(""https://www.linkedin.com/feed/update/urn:li:activity:7459589014535323648/"",""Open Post"")",Employee (Lindsey Burge 55495343),Post Found
Highspot,https://www.linkedin.com/company/highspot/,19-May-26,"#gartnersales #revenueenablement #aiinsales | Highspot - LinkedIn Headed to the Gartner CSO & Sales Leader Conference in Vegas? Let's connect. 📍May 19–20 | Caesars Palace 📍Booth 410 Come see how top revenue teams tighten up deals, stay sharp, and show up ...","=HYPERLINK(""https://www.linkedin.com/feed/update/urn:li:activity:7454933718676258816/"",""Open Post"")",Company Page,Post Found
Highspot,https://www.linkedin.com/company/highspot/,20-Apr-26,"#gartnersales #revenueenablement #ai | Highspot - LinkedIn What to expect: • Live demos of Highspot’s unified platform • 1:1 meetings with our sales and enablement leaders • Practical insights on driving consistent, predictable revenue Book time ...","=HYPERLINK(""https://www.linkedin.com/feed/update/urn:li:activity:7449865095477792768/"",""Open Post"")",Company Page,Post Found
HockeyStack,https://www.linkedin.com/company/hockeystack/,20-May-26,The HockeyStack team is in Las Vegas for the Gartner CSO ... We’re talking to sales leaders about how HockeyStack learns their company’s winning process from their historical data and deploys Revenue Agents to run it consistently across every deal and ...,"=HYPERLINK(""https://www.linkedin.com/feed/update/urn:li:activity:7462940019914248192/"",""Open Post"")",Company Page,Post Found
Hyperbound,https://www.linkedin.com/company/hyperbound-ai/,20-May-26,"If you are at Gartner CSO leaders conference tomorrow, make ... If you are at Gartner CSO leaders conference tomorrow, make sure to check out Hyperbound! One of the best revenue tools out there today!","=HYPERLINK(""https://www.linkedin.com/feed/update/urn:li:activity:7462547008889913344/"",""Open Post"")",Employee (Christian Suarez 931B1B103),Post Found
Janek Performance Group,https://www.linkedin.com/company/janek-performance-group/,10-May-26,Janek is headed to Gartner!! 🔥 We’re hea Janek Performance Group’s Post - LinkedIn Janek is headed to Gartner!! 🔥 We’re heading to the Gartner CSO & Sales Leader Conference in Las Vegas this May.,"=HYPERLINK(""https://www.linkedin.com/feed/update/urn:li:activity:7454530045953400832/"",""Open Post"")",Company Page,Post Found
Janek Performance Group,https://www.linkedin.com/company/janek-performance-group/,10-May-26,"#gartnersales #janekperformancegroup | Nick Kane - LinkedIn I’m heading to the Gartner CSO & Sales Leader Conference in Las Vegas this May. Always one of the best opportunities to connect with sales leaders, exchange ideas, and talk about what’s really...","=HYPERLINK(""https://www.linkedin.com/feed/update/urn:li:activity:7454560207851978752/"",""Open Post"")",Employee (Nickkane),Post Found
Janek Performance Group,https://www.linkedin.com/company/janek-performance-group/,20-May-26,"#gartnersales #janekperformancegroup | Janek Performance Group Gartner week is officially here. 🚀 We’re fired up to kick things off, connect with industry leaders, exchange ideas, and dive into the conversations shaping the future of sales performance ...","=HYPERLINK(""https://www.linkedin.com/feed/update/urn:li:activity:7462155349777625090/"",""Open Post"")",Company Page,Post Found
Janek Performance Group,https://www.linkedin.com/company/janek-performance-group/,22-May-26,#gartnersales #salesenablement #salesleadership # ... - LinkedIn That’s a wrap on Gartner! 🎉 A huge thank you to everyone who stopped by the Janek Performance Group booth this week.,"=HYPERLINK(""https://www.linkedin.com/feed/update/urn:li:activity:7463024626227658752/"",""Open Post"")",Company Page,Post Found
Janek Performance Group,https://www.linkedin.com/company/janek-performance-group/,22-May-26,Gartner CSO & Sales Leader Conference ki #gartnersales #janekperformancegroup | Nick Kane - LinkedIn Gartner CSO & Sales Leader Conference kicks off here in Vegas this week! Looking forward to a few days of strong conversations with sales leaders navigating a rapidly evolving landscape. There ...,"=HYPERLINK(""https://www.linkedin.com/feed/update/urn:li:activity:7462147729528496128/"",""Open Post"")",Employee (Nickkane),Post Found
LeanData,https://www.linkedin.com/company/leandata/,,No posts found,,,No posts found
LinkedIn,https://www.linkedin.com/company/linkedin/,20-Apr-26,"Gartner CSO & Sales Leader Conference 2026 in Las Vegas, NV Our 2026 Selling Challenges Research Study surveyed more than 300 sales professionals to understand what is really getting in the way of winning deals today.","=HYPERLINK(""https://www.linkedin.com/feed/update/urn:li:activity:7443322207876857856/"",""Open Post"")",Employee (Dougbushee),Post Found
LinkedIn,https://www.linkedin.com/company/linkedin/,20-Apr-26,"Las Vegas Architecting Sales Success in the Age of AI at Gartner... Agree & Join LinkedIn.At the Gartner CSO & Sales Leader Conference in Las Vegas, we’re diving into the real future of commercial strategy - where AI isn’t just a buzzword, but the backbone of high‑performing, future‑ready sales organizations.","=HYPERLINK(""https://www.linkedin.com/feed/update/urn:li:activity:7441962122575736832/"",""Open Post"")",Employee (Meganlameyer),Post Found
LinkedIn,https://www.linkedin.com/company/linkedin/,20-May-26,Thank you Gartner for the invite to the Garter CSO ... - LinkedIn Edward Allison Founder at CompeteIQ 5d Thank you Gartner for the invite to the Garter CSO & Sales Leader Conference 2026 is Las Vegas :) 6 2 Comments,"=HYPERLINK(""https://www.linkedin.com/feed/update/urn:li:activity:7462632956659007489/"",""Open Post"")",Thank you Gartner for the invite to the Garter CSO ...,Post Found
LinkedIn,https://www.linkedin.com/company/linkedin/,20-May-26,Just wrapped an incredible week at the Gartner CSO ... - LinkedIn Just wrapped an incredible week at the Gartner CSO & Sales Leader Conference 2026. Engaging conversations with peers highlighted the future of sales leadership and go-to-market strategies.,"=HYPERLINK(""https://www.linkedin.com/feed/update/urn:li:activity:7463302941320396800/"",""Open Post"")",Just wrapped an incredible week at the Gartner CSO ...,Post Found
LinkedIn,https://www.linkedin.com/company/linkedin/,22-May-26,"#gartnercso #salesleadership #ai #revenueleadership # ... At the Gartner CSO & Sales Leader Conference this week and genuinely excited to spend the next few days learning, challenging my thinking, and hearing how other leaders are navigating the rapid ...","=HYPERLINK(""https://www.linkedin.com/feed/update/urn:li:activity:7462632926745153536/"",""Open Post"")",Employee (Michellemcampanella),Post Found
Map My Customers,https://www.linkedin.com/company/map-my-customers/,,No posts found,,,No posts found
Microsoft,https://www.linkedin.com/company/microsoft/,19-May-26,7 days ago · ... Microsoft: New Sales Re Mike Morton - Microsoft: New Sales Reality - LinkedIn 7 days ago · ... Microsoft: New Sales Reality: Accelerate Revenue and Seller Productivity in the Flow of Work at Gartner CSO & Sales Leader Conference gartner.,"=HYPERLINK(""https://www.linkedin.com/feed/update/urn:li:activity:7462204173393006592/"",""Open Post"")",Employee (Mike Morton 853929),Post Found
Microsoft,https://www.linkedin.com/company/microsoft/,20-May-26,"Promotional graphic for the “Gartner C S Sales work doesn't happen in one place, and neither should your CRM.... Promotional graphic for the “Gartner C S O & Sales Leader Conference” highlighting a Microsoft session. On the left, a speaker stands at a podium gesturing while presenting, set against a blue-lit background.","=HYPERLINK(""https://www.linkedin.com/feed/update/urn:li:activity:7461086797826199552/"",""Open Post"")",Company Page,Post Found
"Mindtickle, Inc.",https://www.linkedin.com/company/mindtickle/,19-May-26,"#gartnercso #gartnersales #gartnercso2026 #mindtickle # ... We're headed to Vegas! 🎰 Mindtickle is proud to be a sponsor at the Gartner CSO & Sales Leader Conference, May 19-20.","=HYPERLINK(""https://www.linkedin.com/feed/update/urn:li:activity:7457444222997110784/"",""Open Post"")",Company Page,Post Found
"Mindtickle, Inc.",https://www.linkedin.com/company/mindtickle/,19-May-26,"#gartnercso #gartnersales #gartnercso2026 #mindtickle # ... We’re headed to Vegas! 🎰 Mindtickle is excited to be a sponsor at the Gartner CSO & Sales Leader Conference, May 19–20.","=HYPERLINK(""https://www.linkedin.com/feed/update/urn:li:activity:7460709390904500224/"",""Open Post"")",Company Page,Post Found
"Mindtickle, Inc.",https://www.linkedin.com/company/mindtickle/,20-May-26,"#gartnercso #gartnersales #gartnercso2026 #mindtickle # ... Day 1 at Gartner CSO & Sales Leader Conference was a great one🎉 The team had an incredible time connecting with sales and enablement leaders, talking about the future of AI in revenue ...","=HYPERLINK(""https://www.linkedin.com/feed/update/urn:li:activity:7462589275054772225/"",""Open Post"")",Company Page,Post Found
"Mindtickle, Inc.",https://www.linkedin.com/company/mindtickle/,20-May-26,"Mindtickle at Gartner CSO & Sales leader conference 2026 ... We’re leaving Gartner 2026 inspired, energized, and already looking forward to Gartner CSO & Sales Leader Conference next year.","=HYPERLINK(""https://www.linkedin.com/feed/update/urn:li:activity:7463537544937357312/"",""Open Post"")",Employee (Snehalpawar1),Post Found
"Mindtickle, Inc.",https://www.linkedin.com/company/mindtickle/,20-May-26,"#gartnersales #gartnercso #revenueenablement #agenticai ... 6 days ago · We're excited to kick-off Gartner CSO & Sales Leader Conference, Las Vegas! Meet us at our booth #217 to know how we raise the bar with AI-powered revenue enablement! #gartnersales #gartnercso # ...","=HYPERLINK(""https://www.linkedin.com/feed/update/urn:li:activity:7462367863497211904/"",""Open Post"")",Employee (Tanvi Singhal 57A17383),Post Found
"Mindtickle, Inc.",https://www.linkedin.com/company/mindtickle/,22-May-26,That’s a wrap on Gartner CSO & Sales Lea #gartnercso | Mindtickle - LinkedIn That’s a wrap on Gartner CSO & Sales Leader Conference 2026 🎉 What an incredible week filled with great conversations and valuable insights around the future of AI in revenue enablement. A ...,"=HYPERLINK(""https://www.linkedin.com/feed/update/urn:li:activity:7463269161830473728/"",""Open Post"")",Company Page,Post Found
"Mindtickle, Inc.",https://www.linkedin.com/company/mindtickle/,22-May-26,2026-05-25 #gartnercso #gartnersales #gartnercso2026 #mindtickle # ... That’s a wrap on Gartner CSO & Sales Leader Conference 2026 🎉 What an incredible week filled with great conversations and valuable insights around the future of AI in revenue enablement. A ...,"=HYPERLINK(""https://www.linkedin.com/feed/update/urn:li:activity:7463269161830473728/"",""Open Post"")",Company Page,Post Found
Moody's,https://www.linkedin.com/company/moodys-corporation/,19-May-26,7 days ago · Excited to be speaking this Moody's at Gartner CSO & Sales Leader Conference in Las Vegas 7 days ago · Excited to be speaking this week at the Gartner CSO & Sales Leader Conference in Las Vegas. We already know sales leaders today aren't short ...,"=HYPERLINK(""https://www.linkedin.com/feed/update/urn:li:activity:7462259732985147393/"",""Open Post"")",Employee (Ben Holloway Ma),Post Found
Moody's,https://www.linkedin.com/company/moodys-corporation/,5-May-26,"... Moody's Growth & Strate Gartner CSO & Sales Leader Conference Insights - LinkedIn 5 May 2026 · ... Moody's Growth & Strategy team: helping revenue leaders turn data chaos into a trusted, decision‑grade intelligence for sales & marketing ...","=HYPERLINK(""https://www.linkedin.com/feed/update/urn:li:activity:7457484545777446912/"",""Open Post"")",Employee (James Thomas White),Post Found
Moody's,https://www.linkedin.com/company/moodys-corporation/,7-May-26,"The Gartner CSO & Sales Lea #gartnersales #moodys #gartnercso | Raegen Dunn, MBA - LinkedIn 7 May 2026 · The Gartner CSO & Sales Leader Conference in Las Vegas is coming up and Moody's will be there! We're looking forward to discussing how ...","=HYPERLINK(""https://www.linkedin.com/feed/update/urn:li:activity:7458155189657677824/"",""Open Post"")",The Gartner CSO & Sales Lea #gartnersales #moodys #gartnercso,Post Found
Myko AI,https://www.linkedin.com/company/myko-ai/,21-May-26,5 days ago · ... Gartner CSO ... Trevor Trevor Lee's Post - LinkedIn 5 days ago · ... Gartner CSO ... Trevor Lee's Post. View profile for Trevor Lee. Trevor Lee. Co-Founder and CEO at Myko AI - Helping Teams Use Voice To Interact ...,"=HYPERLINK(""https://www.linkedin.com/feed/update/urn:li:activity:7462889897704591360/"",""Open Post"")",Employee (Trevorlee20),Post Found
Nooks,https://www.linkedin.com/company/nooksapp/,,No posts found,,,No posts found
"Oracle, Inc.",https://www.linkedin.com/company/oracle/,10-May-26,"If you’ll be at the Gartner CSO & Sales Oracle at Gartner CSO & Sales Leader Conference 2026 - LinkedIn If you’ll be at the Gartner CSO & Sales Leader Conference this year, I’d strongly recommend finding time to connect with the Oracle team on site.","=HYPERLINK(""https://www.linkedin.com/feed/update/urn:li:activity:7458176912041922561/"",""Open Post"")",Employee (Andrew Pettengill),Post Found
"Oracle, Inc.",https://www.linkedin.com/company/oracle/,10-May-26,#apexit #oracle #oraclepartner #ai #customerexperience #lasvegas... We will be hosting a private executive event in Las Vegas on May 18th with Oracle alongside the Gartner CSO & Sales Leader Conference. Join us for a unique experience plus a fireside chat on how AI is redefining customer experience.,"=HYPERLINK(""https://www.linkedin.com/feed/update/urn:li:activity:7458251655931678720/"",""Open Post"")",Employee (Chrisrapp),Post Found
Outreach,https://www.linkedin.com/company/outreach-saas/,15-May-26,Join us at Gartner's CSO & Outreach's Post - LinkedIn 15 May 2026 · Join us at Gartner's CSO & Sales Leader Conference! Our very own Allison Bouchard and Nithya Lakshmanan will take the stage for a candid ...,"=HYPERLINK(""https://www.linkedin.com/feed/update/urn:li:activity:7461147162551226368/"",""Open Post"")",Company Page,Post Found
Outreach,https://www.linkedin.com/company/outreach-saas/,22-May-26,"Join me at the Gartner CSO conference in Las Vegas ... - LinkedIn Join me at the Gartner CSO conference in Las Vegas this week. I am excited to partner with Allison Bouchard, VP Sales at Outreach.","=HYPERLINK(""https://www.linkedin.com/feed/update/urn:li:activity:7462178503883382784/"",""Open Post"")",Join me at the Gartner CSO conference in Las Vegas ...,Post Found
Pigment,https://www.linkedin.com/company/pigment/,20-May-26,"Last week's Gartner CSO & Sales Leader Conference in Las ... Last week's Gartner CSO & Sales Leader Conference in Las Vegas was one for the books 🤩 From caricature drawings and live demos of our agents to insightful discussions and even car racing, it's ...","=HYPERLINK(""https://www.linkedin.com/feed/update/urn:li:activity:7464661865772605440/"",""Open Post"")",Company Page,Post Found
Pigment,https://www.linkedin.com/company/pigment/,9-Apr-26,... Gartner CSO & Sales Lea Coulton Carrol's Post - LinkedIn 9 Apr 2026 · ... Gartner CSO & Sales Leader Conference. We're sharing the blueprint ... Pigment are redefining what's possible in sales planning and execution.,"=HYPERLINK(""https://www.linkedin.com/feed/update/urn:li:activity:7448112998231142400/"",""Open Post"")",Employee (Coulton Carrol 91154919),Post Found
Propensity,https://www.linkedin.com/company/propensity-tech/,11-May-26,5 Buying Contact-Level Sig 5 Buying Contact-Level Signals for ABM Success - LinkedIn 11 May 2026 · 5 Buying Contact-Level Signals for ABM Success. View organization page for Propensity ... Gartner CSO at booth #507 to see how we automate the ...,"=HYPERLINK(""https://www.linkedin.com/feed/update/urn:li:activity:7459644444284313600/"",""Open Post"")",Company Page,Post Found
Propensity,https://www.linkedin.com/company/propensity-tech/,20-May-26,Final day at Gartner CSO & Sales Leader #teampropensity #gartnercso #salesleader #abm # ... - LinkedIn Final day at Gartner CSO & Sales Leader Conference in Las Vegas. There’s still time to stop by booth #507 and meet #TeamPropensity.,"=HYPERLINK(""https://www.linkedin.com/feed/update/urn:li:activity:7462879876010835968/"",""Open Post"")",Company Page,Post Found
Propensity,https://www.linkedin.com/company/propensity-tech/,23-May-26,3 days ago · That's a wrap on Gartner CS Propensity's Post - LinkedIn 3 days ago · That's a wrap on Gartner CSO 2026. Two days. Great conversations. One consistent theme: Sales leaders know their ICP.,"=HYPERLINK(""https://www.linkedin.com/feed/update/urn:li:activity:7463631387519107072/"",""Open Post"")",Company Page,Post Found
Propensity,https://www.linkedin.com/company/propensity-tech/,6-May-26,Propensity is heading to Ga Propensity's Post - LinkedIn 6 May 2026 · Propensity is heading to Gartner CSO & Sales Leader Conference 2026 in Las Vegas. Sales teams do not need more account noise.,"=HYPERLINK(""https://www.linkedin.com/feed/update/urn:li:activity:7457851268443693056/"",""Open Post"")",Company Page,Post Found
Richardson,https://www.linkedin.com/company/richardsonsalesperformance/,10-May-26,"#salestraining #gartnercsoandsalesleaderconference #gartnersales... Join Richardson CEO John Elsey at the 2026 Gartner CSO and Sales Leader Conference for his session “The Math Behind Customer Pain: Turn Vague Problems Into Numbers Buyers Act On,” on May 20th at 11:15 AM in Augustus room 1. He'll unpack the simple equation that...","=HYPERLINK(""https://www.linkedin.com/feed/update/urn:li:activity:7454532299347488768/"",""Open Post"")",Company Page,Post Found
Richardson,https://www.linkedin.com/company/richardsonsalesperformance/,10-May-26,"#salestraining #gartnercsoandsalesleaderconference # ... Join Richardson CEO John Elsey at the 2026 Gartner CSO and Sales Leader Conference for his session “The Math Behind Customer Pain: Turn Vague Problems Into Numbers Buyers Act On,” on May 20th ...","=HYPERLINK(""https://www.linkedin.com/feed/update/urn:li:activity:7457841038678777857/"",""Open Post"")",Company Page,Post Found
Richardson,https://www.linkedin.com/company/richardsonsalesperformance/,11-May-26,Excited to lead this sessi Jared Houghton's Post - LinkedIn 11 May 2026 · Excited to lead this session next week @ The Gartner CSO Conference ... Richardson. Jared Houghton 11y. Explore content categories. Career ...,"=HYPERLINK(""https://www.linkedin.com/feed/update/urn:li:activity:7459653385131094016/"",""Open Post"")",Excited to lead this sessi Jared Houghton,Post Found
Richardson,https://www.linkedin.com/company/richardsonsalesperformance/,21-May-26,"5 days ago · Today is the final day of t Richardson Sales Performance's Post - LinkedIn 5 days ago · Today is the final day of the Gartner CSO and Sales Leader Conference, and we're finishing it out with our session, ""The Math Behind ...","=HYPERLINK(""https://www.linkedin.com/feed/update/urn:li:activity:7462873643409129472/"",""Open Post"")",Company Page,Post Found
Richardson,https://www.linkedin.com/company/richardsonsalesperformance/,4-May-26,Join Richardson CEO John El Richardson Sales Performance's Post - LinkedIn 4 May 2026 · Join Richardson CEO John Elsey at the 2026 Gartner CSO and Sales Leader Conference for his session “The Math Behind Customer Pain: Turn ...,"=HYPERLINK(""https://www.linkedin.com/feed/update/urn:li:activity:7457097916671885312/"",""Open Post"")",Company Page,Post Found
Salesforce,https://www.linkedin.com/company/salesforce/,,No posts found,,,No posts found
SAP,https://www.linkedin.com/company/sap/,20-May-26,"6 days ago · Off to a great start today Barbara Rubis Linning - gartnercso #sap #spm - LinkedIn 6 days ago · Off to a great start today at the #gartnerCSO conference! And you know it's all about AI. But it's also about adoption, innovation, ...","=HYPERLINK(""https://www.linkedin.com/feed/update/urn:li:activity:7462591772305833984/"",""Open Post"")",Employee (Barbara Rubis Linning 1362302),Post Found
SAP,https://www.linkedin.com/company/sap/,20-May-26,#gartnersales #salestransformation #agenticai #sap #gtm # ... Represented SAP at the Gartner CSO & Sales Leader Conference 2026 in Las Vegas to share our GTM transformation journey on the back of SAP Joule and our CX solutions of Sales Performance Management ...,"=HYPERLINK(""https://www.linkedin.com/feed/update/urn:li:activity:7463024829252722688/"",""Open Post"")",Employee (Utkarshbahadur),Post Found
Second Nature AI,https://www.linkedin.com/company/second-nature-ai/,19-May-26,"7 days ago · Second Nature will be at th Mack Moyer - Meet the 2026 We Love Tech Awards Winners - LinkedIn 7 days ago · Second Nature will be at the Gartner CSO & Sales Leader Conference ... Welcome to the team, Mack, and huge congrats again to Second Nature on the ...","=HYPERLINK(""https://www.linkedin.com/feed/update/urn:li:activity:7462136808097857536/"",""Open Post"")",Employee (Mack Moyer),Post Found
Second Nature AI,https://www.linkedin.com/company/second-nature-ai/,20-May-26,6 days ago · That's the gap we're closin Second Nature's Post - LinkedIn 6 days ago · That's the gap we're closing at Gartner CSO & Sales Leader Conference this week. We're at Booth 513. Come see what effective sales training ...,"=HYPERLINK(""https://www.linkedin.com/feed/update/urn:li:activity:7462534078710345728/"",""Open Post"")",Company Page,Post Found
Second Nature AI,https://www.linkedin.com/company/second-nature-ai/,6-May-26,The future of sales success Second Nature's Post - LinkedIn 6 May 2026 · The future of sales success is being rewritten — and AI is at the center of it. We're excited to be at the Gartner CSO & Sales Leader ...,"=HYPERLINK(""https://www.linkedin.com/feed/update/urn:li:activity:7457781910480736257/"",""Open Post"")",Company Page,Post Found
Seismic,https://www.linkedin.com/company/seismic-software/,10-May-26,"Don’t leave revenue to chance. We're excited to share that ... Don’t leave revenue to chance. 🃏 We're excited to share that Seismic is a Platinum Exhibitor at the Gartner® CSO & Sales Leader Conference 2026 in Las Vegas, NV!","=HYPERLINK(""https://www.linkedin.com/feed/update/urn:li:activity:7459645281576493057/"",""Open Post"")",Employee (Seismic),Post Found
Seismic,https://www.linkedin.com/company/seismic-software/,11-May-26,"I'm excited to share that Chris O'Toole's Post - LinkedIn 11 May 2026 · I'm excited to share that Seismic is a Platinum Exhibitor at the Gartner® CSO & Sales Leader Conference 2026 in Las Vegas, NV!","=HYPERLINK(""https://www.linkedin.com/feed/update/urn:li:activity:7459520170957520896/"",""Open Post"")",I'm excited to share that Chris O'Toole,Post Found
Seismic,https://www.linkedin.com/company/seismic-software/,11-May-26,"If you're attending the Ga Dominick Poletti's Post - LinkedIn 11 May 2026 · If you're attending the Gartner CSO & Sales Leader Conference in Vegas on May 19–20, make sure to stop by Seismic at Booth 409!","=HYPERLINK(""https://www.linkedin.com/feed/update/urn:li:activity:7459745665678462976/"",""Open Post"")",If you're attending the Ga Dominick Poletti,Post Found
Seismic,https://www.linkedin.com/company/seismic-software/,19-May-26,"Seismic is a Platinum Exhibitor at the G Seismic is a Platinum Exhibitor at the Gartner CSO & Sales Leader ... Seismic is a Platinum Exhibitor at the Gartner CSO & Sales Leader Conference 2026 in Las Vegas, NV! If you're there, come by booth 409 on May 19-20.··","=HYPERLINK(""https://www.linkedin.com/feed/update/urn:li:activity:7460111765213790209/"",""Open Post"")",Employee (Griffindmcgowan),Post Found
Seismic,https://www.linkedin.com/company/seismic-software/,19-May-26,"I'm excited to share that Seismic is a P I'm excited to share that Seismic is a Platinum Exhibitor at ... - LinkedIn I'm excited to share that Seismic is a Platinum Exhibitor at the Gartner® CSO & Sales Leader Conference 2026 in Las Vegas, NV! Join us at booth 409 on May 19-20 to learn more about how AI-powered ...","=HYPERLINK(""https://www.linkedin.com/feed/update/urn:li:activity:7460437724492316672/"",""Open Post"")",Employee (Paulgrip),Post Found
Seismic,https://www.linkedin.com/company/seismic-software/,20-May-26,"We're live at the Gartner® CSO & Sales L We're live at the Gartner® CSO & Sales Leader Conference 2026 ... We're live at the Gartner® CSO & Sales Leader Conference 2026 in Las Vegas, NV! 🎲 Stop by booth 409 today or tomorrow to learn more about how AI-powered enablement helps go-to-market teams ...","=HYPERLINK(""https://www.linkedin.com/feed/update/urn:li:activity:7462869828584841216/"",""Open Post"")",Employee (Christopherotoole),Post Found
Seismic,https://www.linkedin.com/company/seismic-software/,20-May-26,"6 days ago · If you're at Gartner CSO, c Dell Unveils AI Buddy Coaching Capability at Gartner CSO ... 6 days ago · If you're at Gartner CSO, come see us at Booth 208 and meet Eno. I'm ... Marketing Lead, NEMEA at Seismic | Driving Growth Through ...","=HYPERLINK(""https://www.linkedin.com/feed/update/urn:li:activity:7462494899322466305/"",""Open Post"")",Employee (Danny Tomsett),Post Found
Seismic,https://www.linkedin.com/company/seismic-software/,20-May-26,"We're live at the Gartner® CSO & Sales Leader Conference 2026 ... We're live at the Gartner® CSO & Sales Leader Conference 2026 in Las Vegas, NV! 🎲 Stop by booth 409 today or tomorrow to learn more about how AI-powered enablement helps go-to-market teams...","=HYPERLINK(""https://www.linkedin.com/feed/update/urn:li:activity:7462589180225826816/"",""Open Post"")",Employee (Seismic),Post Found
Seismic,https://www.linkedin.com/company/seismic-software/,20-May-26,"Seismic is a Platinum Exhibitor at the Gartner® CSO & Sales ... Seismic is a Platinum Exhibitor at the Gartner® CSO & Sales Leader Conference 2026 in Las Vegas, NV.","=HYPERLINK(""https://www.linkedin.com/feed/update/urn:li:activity:7460035425705902081/"",""Open Post"")",Employee (Steven Bentley400),Post Found
Seismic,https://www.linkedin.com/company/seismic-software/,22-May-26,#gartnercso #salesleadership #seismic #revenueenablement #ai ... I got to connect with so many prospects and customers at the Gartner® CSO & Sales Leader Conference in Las Vegas this week and I left feeling genuinely energized. The conversations were fantastic ...,"=HYPERLINK(""https://www.linkedin.com/feed/update/urn:li:activity:7463002012578656256/"",""Open Post"")",Employee (Victoriabunch),Post Found
ServiceNow,https://www.linkedin.com/company/servicenow/,20-Apr-26,"Attending Gartner CSO & Sales Leader Conference? Join our ... Account Director- Industry Solutions and CRM - MRD @ ServiceNow | Generative AI, Agentic AI Development","=HYPERLINK(""https://www.linkedin.com/feed/update/urn:li:activity:7448225765986541568/"",""Open Post"")",Employee (Prathikhshetty),Post Found
ServiceNow,https://www.linkedin.com/company/servicenow/,21-May-26,5 days ago · It was wonderful to share S Autonomous CRM: Built to finish the work | Kevin C. Guthrie - LinkedIn 5 days ago · It was wonderful to share ServiceNow's Autonomous CRM with so many customers this week Gartner's CSO conference! Like · Reply · 13 Reactions ...,"=HYPERLINK(""https://www.linkedin.com/feed/update/urn:li:activity:7462979439430176768/"",""Open Post"")",Employee (Kevincguthrie),Post Found
Showpad Inc.,https://www.linkedin.com/company/showpad/,10-May-26,"Sales is changing fast. The teams winnin Showpad at Gartner CSO & Sales Leader Conference - LinkedIn Sales is changing fast. The teams winning in 2026 are the ones using AI to coach smarter, engage buyers better, and move deals forward faster.","=HYPERLINK(""https://www.linkedin.com/feed/update/urn:li:activity:7458607213021106176/"",""Open Post"")",Employee (Jack Bishop 29846B1B9),Post Found
Showpad Inc.,https://www.linkedin.com/company/showpad/,12-May-26,"We're pulling into Vegas f Showpad's Post - LinkedIn 12 May 2026 · We're pulling into Vegas for Gartner CSO & Sales Leader Conference 2026, and we're bringing our full pit crew Vanessa Metcalf, ...","=HYPERLINK(""https://www.linkedin.com/feed/update/urn:li:activity:7459980715959558144/"",""Open Post"")",Company Page,Post Found
Showpad Inc.,https://www.linkedin.com/company/showpad/,22-May-26,"Are you at Gartner CSO & Sales Leadershi Meet Showpad at the Gartner CSO Conference 2026 - LinkedIn Are you at Gartner CSO & Sales Leadership Conference this week? Stop by booth 422 and The Paddock Club, our engagement zone outside the exhibitor hall, to get behind the wheel of our sales ...","=HYPERLINK(""https://www.linkedin.com/feed/update/urn:li:activity:7462569745234558977/"",""Open Post"")",Employee (Ryanmathers),Post Found
Showpad Inc.,https://www.linkedin.com/company/showpad/,22-May-26,4 days ago · The checkered flag is down Showpad's Post - LinkedIn 4 days ago · The checkered flag is down on Gartner CSO & Sales Leader Conference 2026 — where the Showpad crew came to show revenue leaders AI engineered ...,"=HYPERLINK(""https://www.linkedin.com/feed/update/urn:li:activity:7463295831752753152/"",""Open Post"")",Company Page,Post Found
SiftHub,https://www.linkedin.com/company/sifthubhq/,10-May-26,"Find SiftHub at Booth #418 at Gartner CSO Las Vegas - LinkedIn That moment is why SiftHub exists. If you're at Gartner, drop by and I will tell you how SEs like us can actually relax and walk in knowing the deal details like the back of our hand.","=HYPERLINK(""https://www.linkedin.com/feed/update/urn:li:activity:7457783736802390016/"",""Open Post"")",Find SiftHub at Booth #418 at Gartner CSO Las Vegas,Post Found
SiftHub,https://www.linkedin.com/company/sifthubhq/,14-May-26,"SiftHub is heading to Gart SiftHub at Gartner CSO: KPIs, AI, and Deal Execution - LinkedIn 14 May 2026 · SiftHub is heading to Gartner CSO next week, and I've been thinking about three things: 1) Which KPIs are leaders actually measuring, ...","=HYPERLINK(""https://www.linkedin.com/feed/update/urn:li:activity:7460697953867984896/"",""Open Post"")",Employee (Neil Parekh 08),Post Found
SiftHub,https://www.linkedin.com/company/sifthubhq/,20-May-26,"The Gartner CSO & Sales Leader Conferenc Vegas. Gartner CSO. Third year in a row. There are some events... The Gartner CSO & Sales Leader Conference is the latter one. This is my third year here, and SiftHub has been an early believer for a reason. There’s no other room in the industry that compresses this much revenue leadership into two days.","=HYPERLINK(""https://www.linkedin.com/feed/update/urn:li:activity:7462540650828279808/"",""Open Post"")",Employee (Manisha Raisinghani),Post Found
SiftHub,https://www.linkedin.com/company/sifthubhq/,20-May-26,"#gartnercso #sifthubxgartnercso | SiftHub - LinkedIn The sessions wrapped. The Jenga came out. At Gartner's networking reception, we brought a timeless game that sparked nostalgic fun - jumbo size 😎 If you missed round one, we're back on the ...","=HYPERLINK(""https://www.linkedin.com/feed/update/urn:li:activity:7462692292567453696/"",""Open Post"")",Company Page,Post Found
SiftHub,https://www.linkedin.com/company/sifthubhq/,5-May-26,"The opening keynote at #Gar Meet the SiftHub team at Gartner CSO & Sales Conference - LinkedIn 5 May 2026 · The opening keynote at #GartnerCSO 2026 is literally titled ""Reimagining Sales Productivity in the Age of AI."" That's why SiftHub exists.","=HYPERLINK(""https://www.linkedin.com/feed/update/urn:li:activity:7457428910419521536/"",""Open Post"")",Company Page,Post Found
Spekit,https://www.linkedin.com/company/spekit/,20-May-26,We're on the ground in Las Vegas for the Gartner CSO & Sales ... We're on the ground in Las Vegas for the Gartner CSO & Sales Leader Conference! The show floor opened today and we're ready to meet at booth #500.,"=HYPERLINK(""https://www.linkedin.com/feed/update/urn:li:activity:7462589150467211264/"",""Open Post"")",Company Page,Post Found
Spekit,https://www.linkedin.com/company/spekit/,20-May-26,"Wrapped up Day 1 at Gartner CSO summit i We've live at Gartner CSO Summit in Vegas! Come ... - LinkedIn Wrapped up Day 1 at Gartner CSO summit in Vegas - getting ready for Day 2 Lots of great conversations about how the revenue stack is not just getting rebuilt with AI and agents, but how to ...","=HYPERLINK(""https://www.linkedin.com/feed/update/urn:li:activity:7462927083011293184/"",""Open Post"")",Company Page,Post Found
TTEC,https://www.linkedin.com/company/ttec/,10-May-26,"Not everyone at Gartner CSO can read your funnel | TTEC Meet TTEC’s revenue experts. Holden Olsen, VP, Global GTM & Sales Overlay, brings visibility into what is happening inside your funnel.","=HYPERLINK(""https://www.linkedin.com/feed/update/urn:li:activity:7455602025909755904/"",""Open Post"")",Company Page,Post Found
TTEC,https://www.linkedin.com/company/ttec/,11-May-26,"... Gartner CSO Conference TTEC's Post - LinkedIn 11 May 2026 · ... Gartner CSO Conference 2026, we are creating space to see that movement clearly. To step inside the funnel and understand how deals evolve ...","=HYPERLINK(""https://www.linkedin.com/feed/update/urn:li:activity:7459595861556264962/"",""Open Post"")",Company Page,Post Found
TTEC,https://www.linkedin.com/company/ttec/,14-May-26,"... Gartner CSO Conference Holden Olsen's Post - LinkedIn 14 May 2026 · ... Gartner CSO Conference 2026, I would love to connect. I look forward to exchanging insights and discussing how AI is transforming sales ...","=HYPERLINK(""https://www.linkedin.com/feed/update/urn:li:activity:7460801512412463104/"",""Open Post"")",Employee (Holden Olsen 3B57412A),Post Found
TTEC,https://www.linkedin.com/company/ttec/,23-Apr-26,"#salesleadership #revenueoperations #aiinsales # ... - LinkedIn Ahead of the Gartner CSO & Sales Leader Conference in May (Las Vegas), come join me hear from Holden Olsen (TTEC) and Justin Coaxum (Microsoft) for an interactive LinkedIn Live on April 23...","=HYPERLINK(""https://www.linkedin.com/feed/update/urn:li:activity:7448394349475815424/"",""Open Post"")",Employee (Stuartol),Post Found
TTEC,https://www.linkedin.com/company/ttec/,5-May-26,... Gartner CSO Conference TTEC's Post - LinkedIn 5 May 2026 · ... Gartner CSO Conference 2026 we are bringing the full picture into focus. A connected view of how signals move across the funnel and how AI ...,"=HYPERLINK(""https://www.linkedin.com/feed/update/urn:li:activity:7457414207144226816/"",""Open Post"")",Company Page,Post Found
Unboxed Training & Technology,https://www.linkedin.com/company/unboxed-technology-llc/,,No posts found,,,No posts found
UneeQ,https://www.linkedin.com/company/uneeq/,10-May-26,#gartner #sales #salesenablement #ai #airoleplay | UneeQ One week to go until we're at the Gartner CSO and Sales Leader Conference. Get ready cos we're throwing everything at making AI sales roleplay more fun.,"=HYPERLINK(""https://www.linkedin.com/feed/update/urn:li:activity:7459779907087200256/"",""Open Post"")",Company Page,Post Found
UneeQ,https://www.linkedin.com/company/uneeq/,20-May-26,UneeQ Unveils AI Buddy at the Gartner CSO & Sales Leader ... Congratulations to Navigate Ventures Portfolio Company - UneeQ! https://lnkd.in/g-dqGQuB,"=HYPERLINK(""https://www.linkedin.com/feed/update/urn:li:activity:7462796059321307136/"",""Open Post"")",Employee (Ivannikkhoo),Post Found
UneeQ,https://www.linkedin.com/company/uneeq/,20-May-26,UneeQ Unveils AI Buddy at the Gartner CSO & Sales Leader ... Congratulations to Navigate Ventures Portfolio Company - UneeQ! https://lnkd.in/gpX_TJ8G,"=HYPERLINK(""https://www.linkedin.com/feed/update/urn:li:activity:7462796059027771393/"",""Open Post"")",Employee (Navigate Ventures Llc),Post Found
UneeQ,https://www.linkedin.com/company/uneeq/,20-May-26,#gartnercso #gartner #sales #airoleplay #digitalhumans | UneeQ Take the sales training challenge today at Gartner CSO and Sales Leader Conference. Can you convert a prospect who's had a poor experience with your company in the past?,"=HYPERLINK(""https://www.linkedin.com/feed/update/urn:li:activity:7462928998122090496/"",""Open Post"")",Company Page,Post Found
UneeQ,https://www.linkedin.com/company/uneeq/,20-May-26,6 days ago ... If you're at Gartner's CS sales #gartnercso #salesai #salesenablement #digitalhumans 6 days ago ... If you're at Gartner's CSO and Sales Leader Conference this week ... LinkedIn © 2026; About · Accessibility · User Agreement · Privacy ...,"=HYPERLINK(""https://www.linkedin.com/feed/update/urn:li:activity:7462627349260390400/"",""Open Post"")",Company Page,Post Found
UneeQ,https://www.linkedin.com/company/uneeq/,20-May-26,"#sales #salesenablement #aisales #training #gartner | UneeQ We're gonna show you how to train those skills and behaviors — at scale — using case studies across 20,000+ reps. 💥 If you're at Gartner's CSO and Sales Leaders Conference next week, you're...","=HYPERLINK(""https://www.linkedin.com/feed/update/urn:li:activity:7461148944748732416/"",""Open Post"")",Company Page,Post Found
UneeQ,https://www.linkedin.com/company/uneeq/,20-May-26,"Tired of taking a bath on sales training? Find us ... - LinkedIn Tired of taking a bath on sales training? Find us tomorrow on booth 208 at Gartner 's CSO and Sales Leader Conference, as we pull the plug on expensive roleplay and ad hoc coaching.","=HYPERLINK(""https://www.linkedin.com/feed/update/urn:li:activity:7462168946507583488/"",""Open Post"")",Company Page,Post Found
UneeQ,https://www.linkedin.com/company/uneeq/,21-May-26,5 days ago ... FIVE things you can do at sales #gartner #digitalhumans #airoleplay #salesenablement 5 days ago ... FIVE things you can do at booth 208 at today's Gartner CSO and Sales Leader Conference (in no particular order) ... UneeQ's Post. View organization ...,"=HYPERLINK(""https://www.linkedin.com/feed/update/urn:li:activity:7462908204671336449/"",""Open Post"")",Company Page,Post Found
UneeQ,https://www.linkedin.com/company/uneeq/,22-May-26,"4 days ago ... View organization page fo Tyler Merritt - deepfake #digitalhumans #conversationalai - LinkedIn 4 days ago ... View organization page for UneeQ · UneeQ. 7,801 followers. 4d. Take the sales training challenge today at Gartner CSO and Sales Leader ...","=HYPERLINK(""https://www.linkedin.com/feed/update/urn:li:activity:7463345973751107584/"",""Open Post"")",Employee (Tgmerritt),Post Found
UneeQ,https://www.linkedin.com/company/uneeq/,24-May-26,"2 days ago ... That's a wrap. Gartner CS UneeQ's Post - sales #ai #roleplay #coaching #enablement - LinkedIn 2 days ago ... That's a wrap. Gartner CSO and Sales Leader Conference, you've been amazing! #sales #ai #roleplay #coaching #enablement.","=HYPERLINK(""https://www.linkedin.com/feed/update/urn:li:activity:7463813534376751104/"",""Open Post"")",Company Page,Post Found
Varicent,https://www.linkedin.com/company/varicent/,20-Apr-26,"At Gartner CSO, you'll join sales leader #gartner #gartnercso | Varicent At Gartner CSO, you'll join sales leaders from every industry who are rethinking how they plan, strategize, and execute in the age of AI. Meet the Varicent team onsite to learn how.varicent is at the gartner cso sales leader conference in las vegas 2026.","=HYPERLINK(""https://www.linkedin.com/feed/update/urn:li:activity:7449885480193515520/"",""Open Post"")",Company Page,Post Found
Varicent,https://www.linkedin.com/company/varicent/,20-May-26,"#gartner #gartnercso | Varicent - LinkedIn It's Day 1 of the Gartner CSO & Sales Leader Conference in Las Vegas! We're joining sales leaders from every industry who are rethinking how they plan, strategize, and execute in the age of AI.","=HYPERLINK(""https://www.linkedin.com/feed/update/urn:li:activity:7462579595989655552/"",""Open Post"")",Company Page,Post Found
Varicent,https://www.linkedin.com/company/varicent/,20-May-26,"#gartnercso #gartner | Varicent - LinkedIn If you’re heading to Gartner ® CSO & Sales Leader Conference 2026, you’re probably already thinking about what could be improved in your GTM plan. Most teams can make changes.","=HYPERLINK(""https://www.linkedin.com/feed/update/urn:li:activity:7460410291621675008/"",""Open Post"")",Company Page,Post Found
Varicent,https://www.linkedin.com/company/varicent/,25-May-26,#gartnercso #gartner | Varicent - LinkedIn We're back for Day 2 at Gartner CSO & Sales Leader Conference in Las Vegas! Yesterday's session with Varicent's Dana Therrien and Alejandro Bellarosa zeroed in on a tension many sales leaders...,"=HYPERLINK(""https://www.linkedin.com/feed/update/urn:li:activity:7462879581805408256/"",""Open Post"")",Company Page,Post Found
Vivun,https://www.linkedin.com/company/vivun/,20-May-26,"#gartnersales | Vivun - LinkedIn At Gartner CSO, we're all-in on AI that helps you stop bluffing your way though calls and start winning in real-time. Visit us at Booth 308 to stack the deck for your next deal.","=HYPERLINK(""https://www.linkedin.com/feed/update/urn:li:activity:7462548860981202945/"",""Open Post"")",Company Page,Post Found
Vyond,https://www.linkedin.com/company/vyond/,10-May-26,"Deals stall when buyers get delayed, one-size-fits-all ... That’s why next week at the Gartner CSO & Sales Leader Conference in Las Vegas, we’re unveiling Vyond Turbo — a powerful new video creation tool purpose-built for sales personalization at...","=HYPERLINK(""https://www.linkedin.com/feed/update/urn:li:activity:7459976956344696832/"",""Open Post"")",Company Page,Post Found
Vyond,https://www.linkedin.com/company/vyond/,20-May-26,"Hey all! If you’ll be at the Gartner CSO & Sales Leader ... I’ll be giving a sneak peek at Vyond ’s newest tool designed to help sales teams create quick, personalized videos that keep deals moving and buyers engaged.","=HYPERLINK(""https://www.linkedin.com/feed/update/urn:li:activity:7460383619887370242/"",""Open Post"")",Employee (Jared King 0824258),Post Found
Vyond,https://www.linkedin.com/company/vyond/,20-May-26,I had the wonderful opportunity to speak on behalf of Vyond ... I had the wonderful opportunity to speak on behalf of Vyond at Gartner’s CSO Conference today about the importance of creating stakeholder-specific video communication to sustain momentum ...,"=HYPERLINK(""https://www.linkedin.com/feed/update/urn:li:activity:7462964842891755521/"",""Open Post"")",Employee (Jared King 0824258),Post Found
Vyond,https://www.linkedin.com/company/vyond/,20-May-26,"Deals stall when buyers get slow, generic responses to their ... Tomorrow (Wednesday) morning at the Gartner CSO & Sales Leader Conference, Vyond Global Account Director Jared King will break down the new challenges created by messy, nonlinear buying...","=HYPERLINK(""https://www.linkedin.com/feed/update/urn:li:activity:7462570280729722880/"",""Open Post"")",Company Page,Post Found
Vyond,https://www.linkedin.com/company/vyond/,20-May-26,"Trying to squeeze the most out of Gartne #gartnersales | Vyond - LinkedIn Trying to squeeze the most out of Gartner CSO, Day 2? 1) Don't miss Jared King's presentation “Why Deals Stall—and How to Re-Engage Buyers Before It’s Too Late” at 10-10:20AM this morning ...","=HYPERLINK(""https://www.linkedin.com/feed/update/urn:li:activity:7462876773978890241/"",""Open Post"")",Company Page,Post Found
Vyond,https://www.linkedin.com/company/vyond/,20-May-26,"#sales | Vyond - LinkedIn Hey all! If you’ll be at the Gartner CSO & Sales Leader Conference next week, swing by Wednesday for my session at 10:00. “Why Deals Stall, and How to Re-Engage Buyers Before It’s Too Late.”","=HYPERLINK(""https://www.linkedin.com/feed/update/urn:li:activity:7460387311373930496/"",""Open Post"")",Company Page,Post Found
Vyond,https://www.linkedin.com/company/vyond/,22-May-26,"Vyond. 29,427 followers. 5d. Report this #gartnersales | Vyond Vyond. 29,427 followers. 5d. Report this post. It's Day 1 at Gartner CSO in Vegas! The scene on the floor = lots of live Vyond demos, great conversations about the benefits of AI content creation for sales orgs, and some very exciting carpet.","=HYPERLINK(""https://www.linkedin.com/feed/update/urn:li:activity:7462591343278641152/"",""Open Post"")",Company Page,Post Found
Xactly Corporation,https://www.linkedin.com/company/xactly-corporation/,19-May-26,"#gartnercso #salesperformance #salesleadership | Xactly Corp Heading to the Gartner CSO & Sales Leader Summit in Las Vegas, May 19–20? Visit us at Booth #511 to explore how our AI-first intelligent revenue platform helps you align sales...","=HYPERLINK(""https://www.linkedin.com/feed/update/urn:li:activity:7455330111702323200/"",""Open Post"")",Company Page,Post Found
Zoho Corporation,https://www.linkedin.com/company/zohocorp/,,No posts found,,,No posts found
Zoominfo,https://www.linkedin.com/company/zoominfo/,10-May-26,ZoomInfo at Gartner CSO | Drake Dominici ZoomInfo is attending Gartner CSO in Las Vegas this May! Here's where you'll find us: 1:1 Meetings: Book time with our team for a focused conversation on your GTM strategy. Booth: Find out how ZoomInfo serves as the connective tissue betwee...,"=HYPERLINK(""https://www.linkedin.com/feed/update/urn:li:activity:7450150446297702400/"",""Open Post"")",ZoomInfo at Gartner CSO,Post Found
Zoominfo,https://www.linkedin.com/company/zoominfo/,10-May-26,ZoomInfo at Gartner CSO | Joshua Altman - LinkedIn Here's where you'll find us: 🤝 1:1 Meetings: Book time with our team for a focused conversation on your GTM strategy. 📍 Booth: Find out how ZoomInfo serves as the connective tissue between ...,"=HYPERLINK(""https://www.linkedin.com/feed/update/urn:li:activity:7450156269497180160/"",""Open Post"")",ZoomInfo at Gartner CSO,Post Found
Zoominfo,https://www.linkedin.com/company/zoominfo/,10-May-26,"#adobesummit26 #digitalexperience #vegasevents #innovation ZoomInfo’s Post.Huge thanks to everyone who stopped by to talk shop and explore the future of digital experience with us. Vegas, you were a blast. See you next month at Gartner CSO!","=HYPERLINK(""https://www.linkedin.com/feed/update/urn:li:activity:7453477864341164032/"",""Open Post"")",Company Page,Post Found
